,Name,Age,OVA,Nationality,Club,BP,Player Photo,Club Logo,Flag Photo,POT,Height,Weight,foot,Growth,player_images,club_images,country_images,lastname,group
0,O. Kahn,38,87,Germany,FC Bayern München,GK,https://cdn.sofifa.com/players/000/488/08_120.png,https://cdn.sofifa.com/teams/21/light_60.png,https://cdn.sofifa.com/flags/de.png,90,"6'2""",198lbs,Right,3,players/Kahnplayer.png,clubs/FC Bayern München.png,countries/Germany.png,Kahn,C
1,J. Lehmann,39,79,Germany,VfB Stuttgart,GK,https://cdn.sofifa.com/players/000/805/10_120.png,https://cdn.sofifa.com/teams/36/light_60.png,https://cdn.sofifa.com/flags/de.png,87,"6'3""",192lbs,Right,8,players/Lehmannplayer.png,clubs/VfB Stuttgart.png,countries/Germany.png,Lehmann,B
2,P. Maldini,40,77,Italy,Milan,CB,https://cdn.sofifa.com/players/001/109/09_120.png,https://cdn.sofifa.com/teams/47/light_60.png,https://cdn.sofifa.com/flags/it.png,89,"6'1""",187lbs,Right,12,players/Maldiniplayer.png,clubs/Milan.png,countries/Italy.png,Maldini,B
3,F. Cannavaro,35,82,Italy,Juventus,CB,https://cdn.sofifa.com/players/001/183/10_120.png,https://cdn.sofifa.com/teams/45/light_60.png,https://cdn.sofifa.com/flags/it.png,89,"5'9""",165lbs,Right,7,players/Cannavaroplayer.png,clubs/Juventus.png,countries/Italy.png,Cannavaro,B
4,P. Vieira,34,76,France,Manchester City,CDM,https://cdn.sofifa.com/players/001/419/11_120.png,https://cdn.sofifa.com/teams/10/light_60.png,https://cdn.sofifa.com/flags/fr.png,87,"6'4""",181lbs,Right,11,players/Vieiraplayer.png,clubs/Manchester City.png,countries/France.png,Vieira,B
5,L. Thuram,35,83,France,FC Barcelona,CB,https://cdn.sofifa.com/players/001/615/08_120.png,https://cdn.sofifa.com/teams/241/light_60.png,https://cdn.sofifa.com/flags/fr.png,87,"6'1""",174lbs,Right,4,players/Thuramplayer.png,clubs/FC Barcelona.png,countries/France.png,Thuram,B
6,B. Schneider,34,80,Germany,Bayer 04 Leverkusen,CF,https://cdn.sofifa.com/players/003/922/09_120.png,https://cdn.sofifa.com/teams/32/light_60.png,https://cdn.sofifa.com/flags/de.png,88,"5'10""",179lbs,Right,8,players/Schneiderplayer.png,clubs/Bayer 04 Leverkusen.png,countries/Germany.png,Schneider,B
7,Cafu,37,83,Brazil,Milan,CF,https://cdn.sofifa.com/players/005/003/08_120.png,https://cdn.sofifa.com/teams/47/light_60.png,https://cdn.sofifa.com/flags/br.png,88,"5'9""",165lbs,Right,5,players/Cafuplayer.png,clubs/Milan.png,countries/Brazil.png,Cafu,B
8,Figo,35,78,Portugal,Inter,CF,https://cdn.sofifa.com/players/005/589/09_120.png,https://cdn.sofifa.com/teams/44/light_60.png,https://cdn.sofifa.com/flags/pt.png,86,"5'11""",165lbs,Right,8,players/Figoplayer.png,clubs/Inter.png,countries/Portugal.png,Figo,B
9,J. Litmanen,39,75,Finland,Finland,CAM,https://cdn.sofifa.com/players/005/673/11_120.png,https://cdn.sofifa.com/teams/1334/light_60.png,https://cdn.sofifa.com/flags/fi.png,86,"5'11""",176lbs,Right,11,players/Litmanenplayer.png,clubs/Finland.png,countries/Finland.png,Litmanen,B
10,J. Stam,34,82,Netherlands,Ajax,CB,https://cdn.sofifa.com/players/005/740/08_120.png,https://cdn.sofifa.com/teams/245/light_60.png,https://cdn.sofifa.com/flags/nl.png,90,"6'2""",190lbs,Right,8,players/Stamplayer.png,clubs/Ajax.png,countries/Netherlands.png,Stam,C
11,P. Nedved,35,80,Czech Republic,Juventus,CF,https://cdn.sofifa.com/players/006/235/09_120.png,https://cdn.sofifa.com/teams/45/light_60.png,https://cdn.sofifa.com/flags/cz.png,88,"5'10""",154lbs,Right,8,players/Nedvedplayer.png,clubs/Juventus.png,countries/Czech Republic.png,Nedved,B
12,Xavi,34,86,Spain,FC Barcelona,CAM,https://cdn.sofifa.com/players/010/535/15_120.png,https://cdn.sofifa.com/teams/241/light_60.png,https://cdn.sofifa.com/flags/es.png,86,"5'7""",148lbs,Right,0,players/Xaviplayer.png,clubs/FC Barcelona.png,countries/Spain.png,Xavi,B
13,Cristiano Ronaldo,35,92,Portugal,Juventus,ST,https://cdn.sofifa.com/players/020/801/20_120.png,https://cdn.sofifa.com/teams/45/light_60.png,https://cdn.sofifa.com/flags/pt.png,92,"6'2""",183lbs,Right,0,players/Ronaldoplayer.png,clubs/Juventus.png,countries/Portugal.png,Ronaldo,C
14,Ronaldo,33,77,Brazil,Corinthians,CAM,https://cdn.sofifa.com/players/037/576/11_120.png,https://cdn.sofifa.com/teams/1041/light_60.png,https://cdn.sofifa.com/flags/br.png,91,"6'0""",209lbs,Right,14,players/Ronaldoplayer.png,clubs/Corinthians.png,countries/Brazil.png,Ronaldo,C
15,E. van der Sar,39,83,Netherlands,Manchester United,GK,https://cdn.sofifa.com/players/051/539/11_120.png,https://cdn.sofifa.com/teams/11/light_60.png,https://cdn.sofifa.com/flags/nl.png,87,"6'6""",196lbs,Right,4,players/Sarplayer.png,clubs/Manchester United.png,countries/Netherlands.png,Sar,B
16,P. Lahm,32,88,Germany,FC Bayern München,RWB,https://cdn.sofifa.com/players/121/939/17_120.png,https://cdn.sofifa.com/teams/21/light_60.png,https://cdn.sofifa.com/flags/de.png,88,"5'7""",146lbs,Right,0,players/Lahmplayer.png,clubs/FC Bayern München.png,countries/Germany.png,Lahm,B
17,Nilmar,26,83,Brazil,Villarreal CF,ST,https://cdn.sofifa.com/players/135/567/12_120.png,https://cdn.sofifa.com/teams/483/light_60.png,https://cdn.sofifa.com/flags/br.png,86,"5'11""",163lbs,Right,3,players/Nilmarplayer.png,clubs/Villarreal CF.png,countries/Brazil.png,Nilmar,B
18,G. Chiellini,35,87,Italy,Juventus,CB,https://cdn.sofifa.com/players/138/956/20_120.png,https://cdn.sofifa.com/teams/45/light_60.png,https://cdn.sofifa.com/flags/it.png,87,"6'2""",187lbs,Left,0,players/Chielliniplayer.png,clubs/Juventus.png,countries/Italy.png,Chiellini,B
19,A. Gómez,32,86,Argentina,Atalanta,CAM,https://cdn.sofifa.com/players/143/076/20_120.png,https://cdn.sofifa.com/teams/39/light_60.png,https://cdn.sofifa.com/flags/ar.png,86,"5'6""",150lbs,Right,0,players/Gómezplayer.png,clubs/Atalanta.png,countries/Argentina.png,Gómez,B
20,Piqué,33,86,Spain,FC Barcelona,CB,https://cdn.sofifa.com/players/152/729/20_120.png,https://cdn.sofifa.com/teams/241/light_60.png,https://cdn.sofifa.com/flags/es.png,86,"6'4""",187lbs,Right,0,players/Piquéplayer.png,clubs/FC Barcelona.png,countries/Spain.png,Piqué,B
21,S. Agüero,32,89,Argentina,Manchester City,ST,https://cdn.sofifa.com/players/153/079/20_120.png,https://cdn.sofifa.com/teams/10/light_60.png,https://cdn.sofifa.com/flags/ar.png,89,"5'8""",154lbs,Right,0,players/Agüeroplayer.png,clubs/Manchester City.png,countries/Argentina.png,Agüero,B
22,Sergio Ramos,34,89,Spain,Real Madrid,CB,https://cdn.sofifa.com/players/155/862/20_120.png,https://cdn.sofifa.com/teams/243/light_60.png,https://cdn.sofifa.com/flags/es.png,89,"6'0""",181lbs,Right,0,players/Ramosplayer.png,clubs/Real Madrid.png,countries/Spain.png,Ramos,B
23,L. Messi,33,93,Argentina,FC Barcelona,RW,https://cdn.sofifa.com/players/158/023/20_120.png,https://cdn.sofifa.com/teams/241/light_60.png,https://cdn.sofifa.com/flags/ar.png,93,"5'7""",159lbs,Left,0,players/Messiplayer.png,clubs/FC Barcelona.png,countries/Argentina.png,Messi,C
24,S. Handanovič,35,88,Slovenia,Inter,GK,https://cdn.sofifa.com/players/162/835/20_120.png,https://cdn.sofifa.com/teams/44/light_60.png,https://cdn.sofifa.com/flags/si.png,88,"6'4""",203lbs,Right,0,players/Handanovičplayer.png,clubs/Inter.png,countries/Slovenia.png,Handanovič,B
25,K. Benzema,32,89,France,Real Madrid,CF,https://cdn.sofifa.com/players/165/153/20_120.png,https://cdn.sofifa.com/teams/243/light_60.png,https://cdn.sofifa.com/flags/fr.png,89,"6'1""",179lbs,Right,0,players/Benzemaplayer.png,clubs/Real Madrid.png,countries/France.png,Benzema,B
26,M. Neuer,34,89,Germany,FC Bayern München,GK,https://cdn.sofifa.com/players/167/495/20_120.png,https://cdn.sofifa.com/teams/21/light_60.png,https://cdn.sofifa.com/flags/de.png,89,"6'4""",203lbs,Right,0,players/Neuerplayer.png,clubs/FC Bayern München.png,countries/Germany.png,Neuer,B
27,H. Lloris,33,87,France,Tottenham Hotspur,GK,https://cdn.sofifa.com/players/167/948/20_120.png,https://cdn.sofifa.com/teams/18/light_60.png,https://cdn.sofifa.com/flags/fr.png,87,"6'2""",181lbs,Left,0,players/Llorisplayer.png,clubs/Tottenham Hotspur.png,countries/France.png,Lloris,B
28,David Silva,34,86,Spain,Real Sociedad,CAM,https://cdn.sofifa.com/players/168/542/20_120.png,https://cdn.sofifa.com/teams/457/light_60.png,https://cdn.sofifa.com/flags/es.png,86,"5'8""",148lbs,Left,0,players/Silvaplayer.png,clubs/Real Sociedad.png,countries/Spain.png,Silva,B
29,L. Suárez,33,87,Uruguay,Atlético Madrid,ST,https://cdn.sofifa.com/players/176/580/20_120.png,https://cdn.sofifa.com/teams/240/light_60.png,https://cdn.sofifa.com/flags/uy.png,87,"6'0""",190lbs,Right,0,players/Suárezplayer.png,clubs/Atlético Madrid.png,countries/Uruguay.png,Suárez,B
30,L. Modrić,34,87,Croatia,Real Madrid,CM,https://cdn.sofifa.com/players/177/003/20_120.png,https://cdn.sofifa.com/teams/243/light_60.png,https://cdn.sofifa.com/flags/hr.png,87,"5'8""",146lbs,Right,0,players/Modrićplayer.png,clubs/Real Madrid.png,countries/Croatia.png,Modrić,B
31,H. de Noteboom,32,87,Netherlands,Netherlands,ST,https://cdn.sofifa.com/players/177/176/09_120.png,https://cdn.sofifa.com/teams/105035/light_60.png,https://cdn.sofifa.com/flags/nl.png,90,"6'2""",181lbs,Right,3,players/Noteboomplayer.png,clubs/Netherlands.png,countries/Netherlands.png,Noteboom,C
32,J. Maatje,33,86,Netherlands,Netherlands,ST,https://cdn.sofifa.com/players/177/182/09_120.png,https://cdn.sofifa.com/teams/105035/light_60.png,https://cdn.sofifa.com/flags/nl.png,91,"6'1""",161lbs,Left,5,players/Maatjeplayer.png,clubs/Netherlands.png,countries/Netherlands.png,Maatje,C
33,B. Ronhaar,23,87,Netherlands,Netherlands,CF,https://cdn.sofifa.com/players/177/193/09_120.png,https://cdn.sofifa.com/teams/105035/light_60.png,https://cdn.sofifa.com/flags/nl.png,90,"5'11""",163lbs,Left,3,players/Ronhaarplayer.png,clubs/Netherlands.png,countries/Netherlands.png,Ronhaar,C
34,M. Benatia,31,86,Morocco,Juventus,CB,https://cdn.sofifa.com/players/177/509/19_120.png,https://cdn.sofifa.com/teams/45/light_60.png,https://cdn.sofifa.com/flags/ma.png,86,"6'2""",207lbs,Right,0,players/Benatiaplayer.png,clubs/Juventus.png,countries/Morocco.png,Benatia,B
35,Y. Sommer,31,86,Switzerland,Borussia Mönchengladbach,GK,https://cdn.sofifa.com/players/177/683/20_120.png,https://cdn.sofifa.com/teams/23/light_60.png,https://cdn.sofifa.com/flags/ch.png,86,"6'0""",174lbs,Right,0,players/Sommerplayer.png,clubs/Borussia Mönchengladbach.png,countries/Switzerland.png,Sommer,B
36,M. Hummels,31,86,Germany,Borussia Dortmund,CB,https://cdn.sofifa.com/players/178/603/20_120.png,https://cdn.sofifa.com/teams/22/light_60.png,https://cdn.sofifa.com/flags/de.png,86,"6'3""",207lbs,Right,0,players/Hummelsplayer.png,clubs/Borussia Dortmund.png,countries/Germany.png,Hummels,B
37,E. Cavani,32,86,Uruguay,Paris Saint-Germain,ST,https://cdn.sofifa.com/players/179/813/20_120.png,https://cdn.sofifa.com/teams/73/light_60.png,https://cdn.sofifa.com/flags/uy.png,86,"6'1""",170lbs,Right,0,players/Cavaniplayer.png,clubs/Paris Saint-Germain.png,countries/Uruguay.png,Cavani,B
38,T. Kroos,30,88,Germany,Real Madrid,CM,https://cdn.sofifa.com/players/182/521/20_120.png,https://cdn.sofifa.com/teams/243/light_60.png,https://cdn.sofifa.com/flags/de.png,88,"6'0""",168lbs,Right,0,players/Kroosplayer.png,clubs/Real Madrid.png,countries/Germany.png,Kroos,B
39,E. Hazard,29,88,Belgium,Real Madrid,LW,https://cdn.sofifa.com/players/183/277/20_120.png,https://cdn.sofifa.com/teams/243/light_60.png,https://cdn.sofifa.com/flags/be.png,88,"5'9""",163lbs,Right,0,players/Hazardplayer.png,clubs/Real Madrid.png,countries/Belgium.png,Hazard,B
40,J. Henderson,30,86,England,Liverpool,CDM,https://cdn.sofifa.com/players/183/711/20_120.png,https://cdn.sofifa.com/teams/9/light_60.png,https://cdn.sofifa.com/flags/gb-eng.png,86,"6'0""",176lbs,Right,0,players/Hendersonplayer.png,clubs/Liverpool.png,countries/England.png,Henderson,B
41,A. Di María,32,87,Argentina,Paris Saint-Germain,RW,https://cdn.sofifa.com/players/183/898/20_120.png,https://cdn.sofifa.com/teams/73/light_60.png,https://cdn.sofifa.com/flags/ar.png,87,"5'11""",152lbs,Left,0,players/Maríaplayer.png,clubs/Paris Saint-Germain.png,countries/Argentina.png,María,B
42,W. Szczęsny,30,87,Poland,Juventus,GK,https://cdn.sofifa.com/players/186/153/20_120.png,https://cdn.sofifa.com/teams/45/light_60.png,https://cdn.sofifa.com/flags/pl.png,87,"6'5""",198lbs,Right,0,players/Szczęsnyplayer.png,clubs/Juventus.png,countries/Poland.png,Szczęsny,B
43,R. Lewandowski,31,91,Poland,FC Bayern München,ST,https://cdn.sofifa.com/players/188/545/20_120.png,https://cdn.sofifa.com/teams/21/light_60.png,https://cdn.sofifa.com/flags/pl.png,91,"6'0""",176lbs,Right,0,players/Lewandowskiplayer.png,clubs/FC Bayern München.png,countries/Poland.png,Lewandowski,C
44,P. Aubameyang,31,87,Gabon,Arsenal,ST,https://cdn.sofifa.com/players/188/567/20_120.png,https://cdn.sofifa.com/teams/1/light_60.png,https://cdn.sofifa.com/flags/ga.png,87,"6'2""",176lbs,Right,0,players/Aubameyangplayer.png,clubs/Arsenal.png,countries/Gabon.png,Aubameyang,B
45,Jordi Alba,31,86,Spain,FC Barcelona,LB,https://cdn.sofifa.com/players/189/332/20_120.png,https://cdn.sofifa.com/teams/241/light_60.png,https://cdn.sofifa.com/flags/es.png,86,"5'7""",150lbs,Left,0,players/Albaplayer.png,clubs/FC Barcelona.png,countries/Spain.png,Alba,B
46,Sergio Busquets,31,87,Spain,FC Barcelona,CDM,https://cdn.sofifa.com/players/189/511/20_120.png,https://cdn.sofifa.com/teams/241/light_60.png,https://cdn.sofifa.com/flags/es.png,87,"6'2""",168lbs,Right,0,players/Busquetsplayer.png,clubs/FC Barcelona.png,countries/Spain.png,Busquets,B
47,T. Müller,30,86,Germany,FC Bayern München,CAM,https://cdn.sofifa.com/players/189/596/20_120.png,https://cdn.sofifa.com/teams/21/light_60.png,https://cdn.sofifa.com/flags/de.png,86,"6'1""",165lbs,Right,0,players/Müllerplayer.png,clubs/FC Bayern München.png,countries/Germany.png,Müller,B
48,Neymar Jr,28,91,Brazil,Paris Saint-Germain,LW,https://cdn.sofifa.com/players/190/871/20_120.png,https://cdn.sofifa.com/teams/73/light_60.png,https://cdn.sofifa.com/flags/br.png,91,"5'9""",150lbs,Right,0,players/Jrplayer.png,clubs/Paris Saint-Germain.png,countries/Brazil.png,Jr,C
49,T. Courtois,28,89,Belgium,Real Madrid,GK,https://cdn.sofifa.com/players/192/119/20_120.png,https://cdn.sofifa.com/teams/243/light_60.png,https://cdn.sofifa.com/flags/be.png,90,"6'6""",212lbs,Left,1,players/Courtoisplayer.png,clubs/Real Madrid.png,countries/Belgium.png,Courtois,C
50,C. Immobile,30,87,Italy,Lazio,ST,https://cdn.sofifa.com/players/192/387/20_120.png,https://cdn.sofifa.com/teams/46/light_60.png,https://cdn.sofifa.com/flags/it.png,87,"6'1""",187lbs,Right,0,players/Immobileplayer.png,clubs/Lazio.png,countries/Italy.png,Immobile,B
51,M. ter Stegen,28,90,Germany,FC Barcelona,GK,https://cdn.sofifa.com/players/192/448/20_120.png,https://cdn.sofifa.com/teams/241/light_60.png,https://cdn.sofifa.com/flags/de.png,93,"6'2""",187lbs,Right,3,players/Stegenplayer.png,clubs/FC Barcelona.png,countries/Germany.png,Stegen,C
52,R. Lukaku,27,85,Belgium,Inter,ST,https://cdn.sofifa.com/players/192/505/20_120.png,https://cdn.sofifa.com/teams/44/light_60.png,https://cdn.sofifa.com/flags/be.png,86,"6'3""",207lbs,Left,1,players/Lukakuplayer.png,clubs/Inter.png,countries/Belgium.png,Lukaku,B
53,B. Leno,28,85,Germany,Arsenal,GK,https://cdn.sofifa.com/players/192/563/20_120.png,https://cdn.sofifa.com/teams/1/light_60.png,https://cdn.sofifa.com/flags/de.png,87,"6'3""",181lbs,Right,2,players/Lenoplayer.png,clubs/Arsenal.png,countries/Germany.png,Leno,B
54,K. De Bruyne,29,91,Belgium,Manchester City,CAM,https://cdn.sofifa.com/players/192/985/20_120.png,https://cdn.sofifa.com/teams/10/light_60.png,https://cdn.sofifa.com/flags/be.png,91,"5'11""",154lbs,Right,0,players/Bruyneplayer.png,clubs/Manchester City.png,countries/Belgium.png,Bruyne,C
55,K. Navas,33,87,Costa Rica,Paris Saint-Germain,GK,https://cdn.sofifa.com/players/193/041/20_120.png,https://cdn.sofifa.com/teams/73/light_60.png,https://cdn.sofifa.com/flags/cr.png,87,"6'1""",176lbs,Right,0,players/Navasplayer.png,clubs/Paris Saint-Germain.png,countries/Costa Rica.png,Navas,B
56,De Gea,29,86,Spain,Manchester United,GK,https://cdn.sofifa.com/players/193/080/20_120.png,https://cdn.sofifa.com/teams/11/light_60.png,https://cdn.sofifa.com/flags/es.png,86,"6'4""",181lbs,Right,0,players/Geaplayer.png,clubs/Manchester United.png,countries/Spain.png,Gea,B
57,A. Areola,27,82,France,Fulham,GK,https://cdn.sofifa.com/players/193/105/20_120.png,https://cdn.sofifa.com/teams/144/light_60.png,https://cdn.sofifa.com/flags/fr.png,86,"6'5""",207lbs,Right,4,players/Areolaplayer.png,clubs/Fulham.png,countries/France.png,Areola,B
58,A. Griezmann,29,87,France,FC Barcelona,ST,https://cdn.sofifa.com/players/194/765/20_120.png,https://cdn.sofifa.com/teams/241/light_60.png,https://cdn.sofifa.com/flags/fr.png,87,"5'9""",161lbs,Left,0,players/Griezmannplayer.png,clubs/FC Barcelona.png,countries/France.png,Griezmann,B
59,P. Pogba,27,86,France,Manchester United,CM,https://cdn.sofifa.com/players/195/864/20_120.png,https://cdn.sofifa.com/teams/11/light_60.png,https://cdn.sofifa.com/flags/fr.png,87,"6'3""",185lbs,Right,1,players/Pogbaplayer.png,clubs/Manchester United.png,countries/France.png,Pogba,B
60,M. Verratti,27,86,Italy,Paris Saint-Germain,CM,https://cdn.sofifa.com/players/199/556/20_120.png,https://cdn.sofifa.com/teams/73/light_60.png,https://cdn.sofifa.com/flags/it.png,87,"5'5""",132lbs,Right,1,players/Verrattiplayer.png,clubs/Paris Saint-Germain.png,countries/Italy.png,Verratti,B
61,H. Son,27,87,Korea Republic,Tottenham Hotspur,LM,https://cdn.sofifa.com/players/200/104/20_120.png,https://cdn.sofifa.com/teams/18/light_60.png,https://cdn.sofifa.com/flags/kr.png,87,"6'0""",172lbs,Right,0,players/Sonplayer.png,clubs/Tottenham Hotspur.png,countries/Korea Republic.png,Son,B
62,Casemiro,28,89,Brazil,Real Madrid,CDM,https://cdn.sofifa.com/players/200/145/20_120.png,https://cdn.sofifa.com/teams/243/light_60.png,https://cdn.sofifa.com/flags/br.png,89,"6'1""",185lbs,Right,0,players/Casemiroplayer.png,clubs/Real Madrid.png,countries/Brazil.png,Casemiro,B
63,J. Oblak,27,91,Slovenia,Atlético Madrid,GK,https://cdn.sofifa.com/players/200/389/20_120.png,https://cdn.sofifa.com/teams/240/light_60.png,https://cdn.sofifa.com/flags/si.png,93,"6'2""",192lbs,Right,2,players/Oblakplayer.png,clubs/Atlético Madrid.png,countries/Slovenia.png,Oblak,C
64,K. Koulibaly,29,88,Senegal,Napoli,CB,https://cdn.sofifa.com/players/201/024/20_120.png,https://cdn.sofifa.com/teams/48/light_60.png,https://cdn.sofifa.com/flags/sn.png,88,"6'2""",196lbs,Right,0,players/Koulibalyplayer.png,clubs/Napoli.png,countries/Senegal.png,Koulibaly,B
65,M. Icardi,27,85,Argentina,Paris Saint-Germain,ST,https://cdn.sofifa.com/players/201/399/20_120.png,https://cdn.sofifa.com/teams/73/light_60.png,https://cdn.sofifa.com/flags/ar.png,86,"5'11""",165lbs,Right,1,players/Icardiplayer.png,clubs/Paris Saint-Germain.png,countries/Argentina.png,Icardi,B
66,R. Varane,27,86,France,Real Madrid,CB,https://cdn.sofifa.com/players/201/535/20_120.png,https://cdn.sofifa.com/teams/243/light_60.png,https://cdn.sofifa.com/flags/fr.png,88,"6'3""",179lbs,Right,2,players/Varaneplayer.png,clubs/Real Madrid.png,countries/France.png,Varane,B
67,Roberto Firmino,28,87,Brazil,Liverpool,CF,https://cdn.sofifa.com/players/201/942/20_120.png,https://cdn.sofifa.com/teams/9/light_60.png,https://cdn.sofifa.com/flags/br.png,87,"5'11""",168lbs,Right,0,players/Firminoplayer.png,clubs/Liverpool.png,countries/Brazil.png,Firmino,B
68,H. Kane,26,88,England,Tottenham Hotspur,ST,https://cdn.sofifa.com/players/202/126/20_120.png,https://cdn.sofifa.com/teams/18/light_60.png,https://cdn.sofifa.com/flags/gb-eng.png,89,"6'2""",196lbs,Right,1,players/Kaneplayer.png,clubs/Tottenham Hotspur.png,countries/England.png,Kane,B
69,M. Depay,26,85,Netherlands,Olympique Lyonnais,CAM,https://cdn.sofifa.com/players/202/556/20_120.png,https://cdn.sofifa.com/teams/66/light_60.png,https://cdn.sofifa.com/flags/nl.png,88,"5'9""",172lbs,Right,3,players/Depayplayer.png,clubs/Olympique Lyonnais.png,countries/Netherlands.png,Depay,B
70,R. Sterling,25,88,England,Manchester City,LW,https://cdn.sofifa.com/players/202/652/20_120.png,https://cdn.sofifa.com/teams/10/light_60.png,https://cdn.sofifa.com/flags/gb-eng.png,90,"5'7""",152lbs,Right,2,players/Sterlingplayer.png,clubs/Manchester City.png,countries/England.png,Sterling,C
71,V. van Dijk,28,90,Netherlands,Liverpool,CB,https://cdn.sofifa.com/players/203/376/20_120.png,https://cdn.sofifa.com/teams/9/light_60.png,https://cdn.sofifa.com/flags/nl.png,91,"6'4""",203lbs,Right,1,players/Dijkplayer.png,clubs/Liverpool.png,countries/Netherlands.png,Dijk,C
72,Carvajal,28,86,Spain,Real Madrid,RB,https://cdn.sofifa.com/players/204/963/20_120.png,https://cdn.sofifa.com/teams/243/light_60.png,https://cdn.sofifa.com/flags/es.png,86,"5'8""",161lbs,Right,0,players/Carvajalplayer.png,clubs/Real Madrid.png,countries/Spain.png,Carvajal,B
73,S. Umtiti,26,83,France,FC Barcelona,CB,https://cdn.sofifa.com/players/205/600/20_120.png,https://cdn.sofifa.com/teams/241/light_60.png,https://cdn.sofifa.com/flags/fr.png,86,"6'0""",165lbs,Left,3,players/Umtitiplayer.png,clubs/FC Barcelona.png,countries/France.png,Umtiti,B
74,S. Gnabry,24,85,Germany,FC Bayern München,RM,https://cdn.sofifa.com/players/206/113/20_120.png,https://cdn.sofifa.com/teams/21/light_60.png,https://cdn.sofifa.com/flags/de.png,87,"5'9""",165lbs,Right,2,players/Gnabryplayer.png,clubs/FC Bayern München.png,countries/Germany.png,Gnabry,B
75,Kepa,25,82,Spain,Chelsea,GK,https://cdn.sofifa.com/players/206/585/20_120.png,https://cdn.sofifa.com/teams/5/light_60.png,https://cdn.sofifa.com/flags/es.png,86,"6'1""",194lbs,Right,4,players/Kepaplayer.png,clubs/Chelsea.png,countries/Spain.png,Kepa,B
76,M. Kovačić,26,83,Croatia,Chelsea,CM,https://cdn.sofifa.com/players/207/410/20_120.png,https://cdn.sofifa.com/teams/5/light_60.png,https://cdn.sofifa.com/flags/hr.png,86,"5'9""",176lbs,Right,3,players/Kovačićplayer.png,clubs/Chelsea.png,countries/Croatia.png,Kovačić,B
77,Marquinhos,26,85,Brazil,Paris Saint-Germain,CB,https://cdn.sofifa.com/players/207/865/20_120.png,https://cdn.sofifa.com/teams/73/light_60.png,https://cdn.sofifa.com/flags/br.png,89,"6'0""",165lbs,Right,4,players/Marquinhosplayer.png,clubs/Paris Saint-Germain.png,countries/Brazil.png,Marquinhos,B
78,Saúl,25,84,Spain,Atlético Madrid,CM,https://cdn.sofifa.com/players/208/421/20_120.png,https://cdn.sofifa.com/teams/240/light_60.png,https://cdn.sofifa.com/flags/es.png,87,"6'0""",168lbs,Left,3,players/Saúlplayer.png,clubs/Atlético Madrid.png,countries/Spain.png,Saúl,B
79,H. Ziyech,27,85,Morocco,Chelsea,CAM,https://cdn.sofifa.com/players/208/670/20_120.png,https://cdn.sofifa.com/teams/5/light_60.png,https://cdn.sofifa.com/flags/ma.png,86,"5'11""",143lbs,Left,1,players/Ziyechplayer.png,clubs/Chelsea.png,countries/Morocco.png,Ziyech,B
80,S. Mané,28,90,Senegal,Liverpool,LW,https://cdn.sofifa.com/players/208/722/20_120.png,https://cdn.sofifa.com/teams/9/light_60.png,https://cdn.sofifa.com/flags/sn.png,90,"5'9""",152lbs,Right,0,players/Manéplayer.png,clubs/Liverpool.png,countries/Senegal.png,Mané,C
81,J. Vardy,33,86,England,Leicester City,ST,https://cdn.sofifa.com/players/208/830/20_120.png,https://cdn.sofifa.com/teams/95/light_60.png,https://cdn.sofifa.com/flags/gb-eng.png,86,"5'10""",163lbs,Right,0,players/Vardyplayer.png,clubs/Leicester City.png,countries/England.png,Vardy,B
82,M. Salah,28,90,Egypt,Liverpool,RW,https://cdn.sofifa.com/players/209/331/20_120.png,https://cdn.sofifa.com/teams/9/light_60.png,https://cdn.sofifa.com/flags/eg.png,90,"5'9""",157lbs,Left,0,players/Salahplayer.png,clubs/Liverpool.png,countries/Egypt.png,Salah,C
83,Fabinho,26,87,Brazil,Liverpool,CDM,https://cdn.sofifa.com/players/209/499/20_120.png,https://cdn.sofifa.com/teams/9/light_60.png,https://cdn.sofifa.com/flags/br.png,89,"6'2""",172lbs,Right,2,players/Fabinhoplayer.png,clubs/Liverpool.png,countries/Brazil.png,Fabinho,B
84,L. Goretzka,25,84,Germany,FC Bayern München,CM,https://cdn.sofifa.com/players/209/658/20_120.png,https://cdn.sofifa.com/teams/21/light_60.png,https://cdn.sofifa.com/flags/de.png,88,"6'2""",168lbs,Right,4,players/Goretzkaplayer.png,clubs/FC Bayern München.png,countries/Germany.png,Goretzka,B
85,Grimaldo,24,84,Spain,SL Benfica,LWB,https://cdn.sofifa.com/players/210/035/20_120.png,https://cdn.sofifa.com/teams/234/light_60.png,https://cdn.sofifa.com/flags/es.png,88,"5'7""",152lbs,Left,4,players/Grimaldoplayer.png,clubs/SL Benfica.png,countries/Spain.png,Grimaldo,B
86,Ricardo Pereira,26,85,Portugal,Leicester City,RB,https://cdn.sofifa.com/players/210/243/20_120.png,https://cdn.sofifa.com/teams/95/light_60.png,https://cdn.sofifa.com/flags/pt.png,87,"5'9""",154lbs,Right,2,players/Pereiraplayer.png,clubs/Leicester City.png,countries/Portugal.png,Pereira,B
87,Ederson,26,88,Brazil,Manchester City,GK,https://cdn.sofifa.com/players/210/257/20_120.png,https://cdn.sofifa.com/teams/10/light_60.png,https://cdn.sofifa.com/flags/br.png,91,"6'2""",190lbs,Left,3,players/Edersonplayer.png,clubs/Manchester City.png,countries/Brazil.png,Ederson,C
88,A. Romagnoli,25,83,Italy,Milan,CB,https://cdn.sofifa.com/players/210/413/20_120.png,https://cdn.sofifa.com/teams/47/light_60.png,https://cdn.sofifa.com/flags/it.png,87,"6'2""",172lbs,Left,4,players/Romagnoliplayer.png,clubs/Milan.png,countries/Italy.png,Romagnoli,B
89,João Cancelo,26,83,Portugal,Manchester City,RWB,https://cdn.sofifa.com/players/210/514/20_120.png,https://cdn.sofifa.com/teams/10/light_60.png,https://cdn.sofifa.com/flags/pt.png,86,"6'0""",163lbs,Right,3,players/Canceloplayer.png,clubs/Manchester City.png,countries/Portugal.png,Cancelo,B
90,P. Dybala,26,88,Argentina,Juventus,CAM,https://cdn.sofifa.com/players/211/110/20_120.png,https://cdn.sofifa.com/teams/45/light_60.png,https://cdn.sofifa.com/flags/ar.png,89,"5'10""",165lbs,Left,1,players/Dybalaplayer.png,clubs/Juventus.png,countries/Argentina.png,Dybala,B
91,D. Alli,24,83,England,Tottenham Hotspur,CAM,https://cdn.sofifa.com/players/211/117/20_120.png,https://cdn.sofifa.com/teams/18/light_60.png,https://cdn.sofifa.com/flags/gb-eng.png,87,"6'2""",176lbs,Right,4,players/Alliplayer.png,clubs/Tottenham Hotspur.png,countries/England.png,Alli,B
92,A. Martial,24,84,France,Manchester United,ST,https://cdn.sofifa.com/players/211/300/20_120.png,https://cdn.sofifa.com/teams/11/light_60.png,https://cdn.sofifa.com/flags/fr.png,88,"6'0""",168lbs,Right,4,players/Martialplayer.png,clubs/Manchester United.png,countries/France.png,Martial,B
93,Gayà,25,83,Spain,Valencia CF,LWB,https://cdn.sofifa.com/players/211/688/20_120.png,https://cdn.sofifa.com/teams/461/light_60.png,https://cdn.sofifa.com/flags/es.png,88,"5'8""",146lbs,Left,5,players/Gayàplayer.png,clubs/Valencia CF.png,countries/Spain.png,Gayà,B
94,O. Vlachodimos,26,81,Greece,Greece,GK,https://cdn.sofifa.com/players/211/990/20_120.png,https://cdn.sofifa.com/teams/1338/light_60.png,https://cdn.sofifa.com/flags/gr.png,86,"6'2""",170lbs,Right,5,players/Vlachodimosplayer.png,clubs/Greece.png,countries/Greece.png,Vlachodimos,B
95,T. Strakosha,25,83,Albania,Lazio,GK,https://cdn.sofifa.com/players/212/151/20_120.png,https://cdn.sofifa.com/teams/46/light_60.png,https://cdn.sofifa.com/flags/al.png,88,"6'4""",172lbs,Right,5,players/Strakoshaplayer.png,clubs/Lazio.png,countries/Albania.png,Strakosha,B
96,T. Werner,24,85,Germany,Chelsea,ST,https://cdn.sofifa.com/players/212/188/20_120.png,https://cdn.sofifa.com/teams/5/light_60.png,https://cdn.sofifa.com/flags/de.png,88,"5'11""",168lbs,Right,3,players/Wernerplayer.png,clubs/Chelsea.png,countries/Germany.png,Werner,B
97,N. Süle,24,84,Germany,FC Bayern München,CB,https://cdn.sofifa.com/players/212/190/20_120.png,https://cdn.sofifa.com/teams/21/light_60.png,https://cdn.sofifa.com/flags/de.png,89,"6'5""",214lbs,Right,5,players/Süleplayer.png,clubs/FC Bayern München.png,countries/Germany.png,Süle,B
98,J. Brandt,24,84,Germany,Borussia Dortmund,CAM,https://cdn.sofifa.com/players/212/194/20_120.png,https://cdn.sofifa.com/teams/22/light_60.png,https://cdn.sofifa.com/flags/de.png,88,"6'1""",183lbs,Right,4,players/Brandtplayer.png,clubs/Borussia Dortmund.png,countries/Germany.png,Brandt,B
99,Bruno Fernandes,25,87,Portugal,Manchester United,CAM,https://cdn.sofifa.com/players/212/198/20_120.png,https://cdn.sofifa.com/teams/11/light_60.png,https://cdn.sofifa.com/flags/pt.png,90,"5'10""",152lbs,Right,3,players/Fernandesplayer.png,clubs/Manchester United.png,countries/Portugal.png,Fernandes,C
100,A. Laporte,26,87,France,Manchester City,CB,https://cdn.sofifa.com/players/212/218/20_120.png,https://cdn.sofifa.com/teams/10/light_60.png,https://cdn.sofifa.com/flags/fr.png,90,"6'2""",187lbs,Left,3,players/Laporteplayer.png,clubs/Manchester City.png,countries/France.png,Laporte,C
101,J. Kimmich,25,88,Germany,FC Bayern München,CDM,https://cdn.sofifa.com/players/212/622/20_120.png,https://cdn.sofifa.com/teams/21/light_60.png,https://cdn.sofifa.com/flags/de.png,90,"5'9""",161lbs,Right,2,players/Kimmichplayer.png,clubs/FC Bayern München.png,countries/Germany.png,Kimmich,C
102,Alisson,27,90,Brazil,Liverpool,GK,https://cdn.sofifa.com/players/212/831/20_120.png,https://cdn.sofifa.com/teams/9/light_60.png,https://cdn.sofifa.com/flags/br.png,91,"6'3""",201lbs,Right,1,players/Alissonplayer.png,clubs/Liverpool.png,countries/Brazil.png,Alisson,C
103,K. Coman,24,84,France,FC Bayern München,RM,https://cdn.sofifa.com/players/213/345/20_120.png,https://cdn.sofifa.com/teams/21/light_60.png,https://cdn.sofifa.com/flags/fr.png,88,"5'10""",165lbs,Right,4,players/Comanplayer.png,clubs/FC Bayern München.png,countries/France.png,Coman,B
104,M. Maignan,24,82,France,LOSC Lille,GK,https://cdn.sofifa.com/players/215/698/20_120.png,https://cdn.sofifa.com/teams/65/light_60.png,https://cdn.sofifa.com/flags/fr.png,86,"6'3""",201lbs,Right,4,players/Maignanplayer.png,clubs/LOSC Lille.png,countries/France.png,Maignan,B
105,N. Kanté,29,88,France,Chelsea,CDM,https://cdn.sofifa.com/players/215/914/20_120.png,https://cdn.sofifa.com/teams/5/light_60.png,https://cdn.sofifa.com/flags/fr.png,88,"5'6""",154lbs,Right,0,players/Kantéplayer.png,clubs/Chelsea.png,countries/France.png,Kanté,B
106,A. Robertson,26,87,Scotland,Liverpool,LB,https://cdn.sofifa.com/players/216/267/20_120.png,https://cdn.sofifa.com/teams/9/light_60.png,https://cdn.sofifa.com/flags/gb-sct.png,89,"5'10""",141lbs,Left,2,players/Robertsonplayer.png,clubs/Liverpool.png,countries/Scotland.png,Robertson,B
107,A. Saint-Maximin,23,80,France,Newcastle United,CAM,https://cdn.sofifa.com/players/216/388/20_120.png,https://cdn.sofifa.com/teams/13/light_60.png,https://cdn.sofifa.com/flags/fr.png,86,"5'8""",148lbs,Right,6,players/Saint-Maximinplayer.png,clubs/Newcastle United.png,countries/France.png,Saint-Maximin,B
108,J. Giménez,25,84,Uruguay,Atlético Madrid,CB,https://cdn.sofifa.com/players/216/460/20_120.png,https://cdn.sofifa.com/teams/240/light_60.png,https://cdn.sofifa.com/flags/uy.png,88,"6'1""",176lbs,Right,4,players/Giménezplayer.png,clubs/Atlético Madrid.png,countries/Uruguay.png,Giménez,B
109,Bernardo Silva,25,87,Portugal,Manchester City,RW,https://cdn.sofifa.com/players/218/667/20_120.png,https://cdn.sofifa.com/teams/10/light_60.png,https://cdn.sofifa.com/flags/pt.png,88,"5'8""",141lbs,Left,1,players/Silvaplayer.png,clubs/Manchester City.png,countries/Portugal.png,Silva,B
110,C. Lenglet,25,85,France,FC Barcelona,CB,https://cdn.sofifa.com/players/220/440/20_120.png,https://cdn.sofifa.com/teams/241/light_60.png,https://cdn.sofifa.com/flags/fr.png,89,"6'1""",179lbs,Left,4,players/Lengletplayer.png,clubs/FC Barcelona.png,countries/France.png,Lenglet,B
111,L. Hernández,24,82,France,FC Bayern München,CB,https://cdn.sofifa.com/players/220/814/20_120.png,https://cdn.sofifa.com/teams/21/light_60.png,https://cdn.sofifa.com/flags/fr.png,87,"6'0""",168lbs,Left,5,players/Hernándezplayer.png,clubs/FC Bayern München.png,countries/France.png,Hernández,B
112,Marco Asensio,24,82,Spain,Real Madrid,CAM,https://cdn.sofifa.com/players/220/834/20_120.png,https://cdn.sofifa.com/teams/243/light_60.png,https://cdn.sofifa.com/flags/es.png,86,"6'0""",168lbs,Left,4,players/Asensioplayer.png,clubs/Real Madrid.png,countries/Spain.png,Asensio,B
113,Pau López,25,83,Spain,Roma,GK,https://cdn.sofifa.com/players/221/087/20_120.png,https://cdn.sofifa.com/teams/52/light_60.png,https://cdn.sofifa.com/flags/es.png,88,"6'2""",170lbs,Left,5,players/Lópezplayer.png,clubs/Roma.png,countries/Spain.png,López,B
114,D. van de Beek,23,83,Netherlands,Manchester United,CM,https://cdn.sofifa.com/players/221/363/20_120.png,https://cdn.sofifa.com/teams/11/light_60.png,https://cdn.sofifa.com/flags/nl.png,87,"6'0""",163lbs,Right,4,players/Beekplayer.png,clubs/Manchester United.png,countries/Netherlands.png,Beek,B
115,E. Mammana,21,77,Argentina,Zenit St. Petersburg,CDM,https://cdn.sofifa.com/players/221/551/18_120.png,https://cdn.sofifa.com/teams/100769/light_60.png,https://cdn.sofifa.com/flags/ar.png,88,"6'0""",154lbs,Right,11,players/Mammanaplayer.png,clubs/Zenit St. Petersburg.png,countries/Argentina.png,Mammana,B
116,L. Sané,24,85,Germany,FC Bayern München,LM,https://cdn.sofifa.com/players/222/492/20_120.png,https://cdn.sofifa.com/teams/21/light_60.png,https://cdn.sofifa.com/flags/de.png,90,"6'0""",165lbs,Left,5,players/Sanéplayer.png,clubs/FC Bayern München.png,countries/Germany.png,Sané,C
117,M. Ødegaard,21,83,Norway,Real Madrid,CAM,https://cdn.sofifa.com/players/222/665/20_120.png,https://cdn.sofifa.com/teams/243/light_60.png,https://cdn.sofifa.com/flags/no.png,89,"5'10""",150lbs,Left,6,players/Ødegaardplayer.png,clubs/Real Madrid.png,countries/Norway.png,Ødegaard,B
118,Everton,24,81,Brazil,SL Benfica,CAM,https://cdn.sofifa.com/players/222/716/20_120.png,https://cdn.sofifa.com/teams/234/light_60.png,https://cdn.sofifa.com/flags/br.png,86,"5'9""",159lbs,Right,5,players/Evertonplayer.png,clubs/SL Benfica.png,countries/Brazil.png,Everton,B
119,Malcom,21,82,Brazil,FC Barcelona,CAM,https://cdn.sofifa.com/players/222/737/19_120.png,https://cdn.sofifa.com/teams/241/light_60.png,https://cdn.sofifa.com/flags/br.png,89,"5'8""",163lbs,Left,7,players/Malcomplayer.png,clubs/FC Barcelona.png,countries/Brazil.png,Malcom,B
120,S. Milinković-Savić,25,85,Serbia,Lazio,CM,https://cdn.sofifa.com/players/223/848/20_120.png,https://cdn.sofifa.com/teams/46/light_60.png,https://cdn.sofifa.com/flags/rs.png,89,"6'3""",168lbs,Right,4,players/Milinković-Savićplayer.png,clubs/Lazio.png,countries/Serbia.png,Milinković-Savić,B
121,Rúben Neves,23,82,Portugal,Wolverhampton Wanderers,CM,https://cdn.sofifa.com/players/224/293/20_120.png,https://cdn.sofifa.com/teams/110/light_60.png,https://cdn.sofifa.com/flags/pt.png,87,"5'11""",176lbs,Right,5,players/Nevesplayer.png,clubs/Wolverhampton Wanderers.png,countries/Portugal.png,Neves,B
122,Gonçalo Guedes,23,81,Portugal,Valencia CF,LM,https://cdn.sofifa.com/players/224/411/20_120.png,https://cdn.sofifa.com/teams/461/light_60.png,https://cdn.sofifa.com/flags/pt.png,87,"5'10""",150lbs,Right,6,players/Guedesplayer.png,clubs/Valencia CF.png,countries/Portugal.png,Guedes,B
123,J. Boga,23,77,Ivory Coast,Sassuolo,CAM,https://cdn.sofifa.com/players/224/422/20_120.png,https://cdn.sofifa.com/teams/111974/light_60.png,https://cdn.sofifa.com/flags/ci.png,86,"5'9""",159lbs,Right,9,players/Bogaplayer.png,clubs/Sassuolo.png,countries/Ivory Coast.png,Boga,B
124,Diogo Jota,23,80,Portugal,Liverpool,CAM,https://cdn.sofifa.com/players/224/458/20_120.png,https://cdn.sofifa.com/teams/9/light_60.png,https://cdn.sofifa.com/flags/pt.png,86,"5'10""",161lbs,Right,6,players/Jotaplayer.png,clubs/Liverpool.png,countries/Portugal.png,Jota,B
125,J. Dilrosun,22,75,Netherlands,Hertha BSC,LM,https://cdn.sofifa.com/players/224/949/20_120.png,https://cdn.sofifa.com/teams/166/light_60.png,https://cdn.sofifa.com/flags/nl.png,86,"5'9""",163lbs,Left,11,players/Dilrosunplayer.png,clubs/Hertha BSC.png,countries/Netherlands.png,Dilrosun,B
126,J. Gomez,23,83,England,Liverpool,CB,https://cdn.sofifa.com/players/225/100/20_120.png,https://cdn.sofifa.com/teams/9/light_60.png,https://cdn.sofifa.com/flags/gb-eng.png,88,"6'2""",170lbs,Right,5,players/Gomezplayer.png,clubs/Liverpool.png,countries/England.png,Gomez,B
127,A. Meret,23,78,Italy,Napoli,GK,https://cdn.sofifa.com/players/225/116/20_120.png,https://cdn.sofifa.com/teams/48/light_60.png,https://cdn.sofifa.com/flags/it.png,87,"6'3""",183lbs,Left,9,players/Meretplayer.png,clubs/Napoli.png,countries/Italy.png,Meret,B
128,Merino,24,80,Spain,Real Sociedad,CAM,https://cdn.sofifa.com/players/225/193/20_120.png,https://cdn.sofifa.com/teams/457/light_60.png,https://cdn.sofifa.com/flags/es.png,86,"6'2""",183lbs,Left,6,players/Merinoplayer.png,clubs/Real Sociedad.png,countries/Spain.png,Merino,B
129,K. Laimer,23,82,Austria,RB Leipzig,CDM,https://cdn.sofifa.com/players/225/375/20_120.png,https://cdn.sofifa.com/teams/112172/light_60.png,https://cdn.sofifa.com/flags/at.png,86,"5'11""",159lbs,Right,4,players/Laimerplayer.png,clubs/RB Leipzig.png,countries/Austria.png,Laimer,B
130,S. Bergwijn,22,83,Netherlands,Tottenham Hotspur,CAM,https://cdn.sofifa.com/players/225/953/20_120.png,https://cdn.sofifa.com/teams/18/light_60.png,https://cdn.sofifa.com/flags/nl.png,88,"5'10""",172lbs,Right,5,players/Bergwijnplayer.png,clubs/Tottenham Hotspur.png,countries/Netherlands.png,Bergwijn,B
131,N. Mukiele,22,80,France,RB Leipzig,CB,https://cdn.sofifa.com/players/226/166/20_120.png,https://cdn.sofifa.com/teams/112172/light_60.png,https://cdn.sofifa.com/flags/fr.png,87,"6'2""",185lbs,Right,7,players/Mukieleplayer.png,clubs/RB Leipzig.png,countries/France.png,Mukiele,B
132,G. Lo Celso,24,82,Argentina,Tottenham Hotspur,CAM,https://cdn.sofifa.com/players/226/226/20_120.png,https://cdn.sofifa.com/teams/18/light_60.png,https://cdn.sofifa.com/flags/ar.png,87,"5'10""",150lbs,Left,5,players/Celsoplayer.png,clubs/Tottenham Hotspur.png,countries/Argentina.png,Celso,B
133,Fabián,24,82,Spain,Napoli,CM,https://cdn.sofifa.com/players/226/271/20_120.png,https://cdn.sofifa.com/teams/48/light_60.png,https://cdn.sofifa.com/flags/es.png,88,"6'2""",154lbs,Left,6,players/Fabiánplayer.png,clubs/Napoli.png,countries/Spain.png,Fabián,B
134,K. Tierney,23,78,Scotland,Arsenal,LB,https://cdn.sofifa.com/players/226/491/20_120.png,https://cdn.sofifa.com/teams/1/light_60.png,https://cdn.sofifa.com/flags/gb-sct.png,86,"5'10""",168lbs,Left,8,players/Tierneyplayer.png,clubs/Arsenal.png,countries/Scotland.png,Tierney,B
135,A. Onana,24,84,Cameroon,Ajax,GK,https://cdn.sofifa.com/players/226/753/20_120.png,https://cdn.sofifa.com/teams/245/light_60.png,https://cdn.sofifa.com/flags/cm.png,88,"6'3""",205lbs,Right,4,players/Onanaplayer.png,clubs/Ajax.png,countries/Cameroon.png,Onana,B
136,W. Ndidi,23,84,Nigeria,Leicester City,CB,https://cdn.sofifa.com/players/226/790/20_120.png,https://cdn.sofifa.com/teams/95/light_60.png,https://cdn.sofifa.com/flags/ng.png,88,"6'0""",163lbs,Right,4,players/Ndidiplayer.png,clubs/Leicester City.png,countries/Nigeria.png,Ndidi,B
137,C. Pulisic,21,81,United States,Chelsea,RM,https://cdn.sofifa.com/players/227/796/20_120.png,https://cdn.sofifa.com/teams/5/light_60.png,https://cdn.sofifa.com/flags/us.png,87,"5'10""",152lbs,Right,6,players/Pulisicplayer.png,clubs/Chelsea.png,countries/United States.png,Pulisic,B
138,Nélson Semedo,26,83,Portugal,Wolverhampton Wanderers,RWB,https://cdn.sofifa.com/players/227/928/20_120.png,https://cdn.sofifa.com/teams/110/light_60.png,https://cdn.sofifa.com/flags/pt.png,86,"5'10""",152lbs,Right,3,players/Semedoplayer.png,clubs/Wolverhampton Wanderers.png,countries/Portugal.png,Semedo,B
139,S. Berge,22,79,Norway,Sheffield United,CDM,https://cdn.sofifa.com/players/228/092/20_120.png,https://cdn.sofifa.com/teams/1794/light_60.png,https://cdn.sofifa.com/flags/no.png,86,"6'5""",212lbs,Right,7,players/Bergeplayer.png,clubs/Sheffield United.png,countries/Norway.png,Berge,B
140,M. Thuram,22,80,France,Borussia Mönchengladbach,ST,https://cdn.sofifa.com/players/228/093/20_120.png,https://cdn.sofifa.com/teams/23/light_60.png,https://cdn.sofifa.com/flags/fr.png,86,"6'4""",192lbs,Right,6,players/Thuramplayer.png,clubs/Borussia Mönchengladbach.png,countries/France.png,Thuram,B
141,E. Audero,23,77,Italy,Sampdoria,GK,https://cdn.sofifa.com/players/228/413/20_120.png,https://cdn.sofifa.com/teams/1837/light_60.png,https://cdn.sofifa.com/flags/it.png,87,"6'4""",183lbs,Right,10,players/Auderoplayer.png,clubs/Sampdoria.png,countries/Italy.png,Audero,B
142,F. Mendy,25,83,France,Real Madrid,LB,https://cdn.sofifa.com/players/228/618/20_120.png,https://cdn.sofifa.com/teams/243/light_60.png,https://cdn.sofifa.com/flags/fr.png,88,"5'11""",161lbs,Left,5,players/Mendyplayer.png,clubs/Real Madrid.png,countries/France.png,Mendy,B
143,F. de Jong,23,85,Netherlands,FC Barcelona,CM,https://cdn.sofifa.com/players/228/702/20_120.png,https://cdn.sofifa.com/teams/241/light_60.png,https://cdn.sofifa.com/flags/nl.png,90,"5'11""",163lbs,Right,5,players/Jongplayer.png,clubs/FC Barcelona.png,countries/Netherlands.png,Jong,C
144,D. Zakaria,23,83,Switzerland,Borussia Mönchengladbach,CDM,https://cdn.sofifa.com/players/229/261/20_120.png,https://cdn.sofifa.com/teams/23/light_60.png,https://cdn.sofifa.com/flags/ch.png,87,"6'3""",176lbs,Right,4,players/Zakariaplayer.png,clubs/Borussia Mönchengladbach.png,countries/Switzerland.png,Zakaria,B
145,D. Upamecano,21,79,France,RB Leipzig,CB,https://cdn.sofifa.com/players/229/558/20_120.png,https://cdn.sofifa.com/teams/112172/light_60.png,https://cdn.sofifa.com/flags/fr.png,90,"6'1""",198lbs,Right,11,players/Upamecanoplayer.png,clubs/RB Leipzig.png,countries/France.png,Upamecano,C
146,A. Wan-Bissaka,22,83,England,Manchester United,RB,https://cdn.sofifa.com/players/229/880/20_120.png,https://cdn.sofifa.com/teams/11/light_60.png,https://cdn.sofifa.com/flags/gb-eng.png,88,"6'0""",159lbs,Right,5,players/Wan-Bissakaplayer.png,clubs/Manchester United.png,countries/England.png,Wan-Bissaka,B
147,Oyarzabal,23,84,Spain,Real Sociedad,CAM,https://cdn.sofifa.com/players/230/142/20_120.png,https://cdn.sofifa.com/teams/457/light_60.png,https://cdn.sofifa.com/flags/es.png,90,"5'11""",174lbs,Left,6,players/Oyarzabalplayer.png,clubs/Real Sociedad.png,countries/Spain.png,Oyarzabal,C
148,G. Donnarumma,21,85,Italy,Milan,GK,https://cdn.sofifa.com/players/230/621/20_120.png,https://cdn.sofifa.com/teams/47/light_60.png,https://cdn.sofifa.com/flags/it.png,92,"6'5""",198lbs,Right,7,players/Donnarummaplayer.png,clubs/Milan.png,countries/Italy.png,Donnarumma,C
149,Arthur,23,84,Brazil,Juventus,CM,https://cdn.sofifa.com/players/230/658/20_120.png,https://cdn.sofifa.com/teams/45/light_60.png,https://cdn.sofifa.com/flags/br.png,89,"5'7""",161lbs,Right,5,players/Arthurplayer.png,clubs/Juventus.png,countries/Brazil.png,Arthur,B
150,Gabriel Jesus,23,83,Brazil,Manchester City,ST,https://cdn.sofifa.com/players/230/666/20_120.png,https://cdn.sofifa.com/teams/10/light_60.png,https://cdn.sofifa.com/flags/br.png,87,"5'9""",161lbs,Right,4,players/Jesusplayer.png,clubs/Manchester City.png,countries/Brazil.png,Jesus,B
151,Unai Simón,23,80,Spain,Athletic Club de Bilbao,GK,https://cdn.sofifa.com/players/230/869/20_120.png,https://cdn.sofifa.com/teams/448/light_60.png,https://cdn.sofifa.com/flags/es.png,86,"6'3""",196lbs,Right,6,players/Simónplayer.png,clubs/Athletic Club de Bilbao.png,countries/Spain.png,Simón,B
152,T. Alexander-Arnold,21,87,England,Liverpool,RB,https://cdn.sofifa.com/players/231/281/20_120.png,https://cdn.sofifa.com/teams/9/light_60.png,https://cdn.sofifa.com/flags/gb-eng.png,92,"5'11""",152lbs,Right,5,players/Alexander-Arnoldplayer.png,clubs/Liverpool.png,countries/England.png,Alexander-Arnold,C
153,O. Dembélé,23,83,France,FC Barcelona,LM,https://cdn.sofifa.com/players/231/443/20_120.png,https://cdn.sofifa.com/teams/241/light_60.png,https://cdn.sofifa.com/flags/fr.png,89,"5'10""",148lbs,Left,6,players/Dembéléplayer.png,clubs/FC Barcelona.png,countries/France.png,Dembélé,B
154,L. Martínez,22,84,Argentina,Inter,ST,https://cdn.sofifa.com/players/231/478/20_120.png,https://cdn.sofifa.com/teams/44/light_60.png,https://cdn.sofifa.com/flags/ar.png,91,"5'9""",179lbs,Right,7,players/Martínezplayer.png,clubs/Inter.png,countries/Argentina.png,Martínez,C
155,E. Palacios,21,77,Argentina,Bayer 04 Leverkusen,CM,https://cdn.sofifa.com/players/231/521/20_120.png,https://cdn.sofifa.com/teams/32/light_60.png,https://cdn.sofifa.com/flags/ar.png,86,"5'10""",154lbs,Right,9,players/Palaciosplayer.png,clubs/Bayer 04 Leverkusen.png,countries/Argentina.png,Palacios,B
156,M. Rashford,22,85,England,Manchester United,RM,https://cdn.sofifa.com/players/231/677/20_120.png,https://cdn.sofifa.com/teams/11/light_60.png,https://cdn.sofifa.com/flags/gb-eng.png,91,"6'1""",154lbs,Right,6,players/Rashfordplayer.png,clubs/Manchester United.png,countries/England.png,Rashford,C
157,K. Mbappé,21,90,France,Paris Saint-Germain,ST,https://cdn.sofifa.com/players/231/747/20_120.png,https://cdn.sofifa.com/teams/73/light_60.png,https://cdn.sofifa.com/flags/fr.png,95,"5'10""",161lbs,Right,5,players/Mbappéplayer.png,clubs/Paris Saint-Germain.png,countries/France.png,Mbappé,C
158,Rodri,24,85,Spain,Manchester City,CDM,https://cdn.sofifa.com/players/231/866/20_120.png,https://cdn.sofifa.com/teams/10/light_60.png,https://cdn.sofifa.com/flags/es.png,88,"6'3""",181lbs,Right,3,players/Rodriplayer.png,clubs/Manchester City.png,countries/Spain.png,Rodri,B
159,Richarlison,23,81,Brazil,Everton,ST,https://cdn.sofifa.com/players/231/943/20_120.png,https://cdn.sofifa.com/teams/7/light_60.png,https://cdn.sofifa.com/flags/br.png,88,"5'11""",157lbs,Right,7,players/Richarlisonplayer.png,clubs/Everton.png,countries/Brazil.png,Richarlison,B
160,V. Osimhen,21,79,Nigeria,Napoli,ST,https://cdn.sofifa.com/players/232/293/20_120.png,https://cdn.sofifa.com/teams/48/light_60.png,https://cdn.sofifa.com/flags/ng.png,87,"6'1""",172lbs,Right,8,players/Osimhenplayer.png,clubs/Napoli.png,countries/Nigeria.png,Osimhen,B
161,M. Škriniar,25,85,Slovakia,Inter,CB,https://cdn.sofifa.com/players/232/363/20_120.png,https://cdn.sofifa.com/teams/44/light_60.png,https://cdn.sofifa.com/flags/sk.png,89,"6'2""",176lbs,Right,4,players/Škriniarplayer.png,clubs/Inter.png,countries/Slovakia.png,Škriniar,B
162,C. Nkunku,22,80,France,RB Leipzig,CAM,https://cdn.sofifa.com/players/232/411/20_120.png,https://cdn.sofifa.com/teams/112172/light_60.png,https://cdn.sofifa.com/flags/fr.png,86,"5'10""",159lbs,Right,6,players/Nkunkuplayer.png,clubs/RB Leipzig.png,countries/France.png,Nkunku,B
163,J. Sancho,20,87,England,Borussia Dortmund,CAM,https://cdn.sofifa.com/players/233/049/20_120.png,https://cdn.sofifa.com/teams/22/light_60.png,https://cdn.sofifa.com/flags/gb-eng.png,93,"5'11""",168lbs,Right,6,players/Sanchoplayer.png,clubs/Borussia Dortmund.png,countries/England.png,Sancho,C
164,M. Mount,21,80,England,Chelsea,CAM,https://cdn.sofifa.com/players/233/064/20_120.png,https://cdn.sofifa.com/teams/5/light_60.png,https://cdn.sofifa.com/flags/gb-eng.png,87,"5'10""",154lbs,Right,7,players/Mountplayer.png,clubs/Chelsea.png,countries/England.png,Mount,B
165,Felipe Vizeu,21,75,Brazil,Udinese,ST,https://cdn.sofifa.com/players/233/299/19_120.png,https://cdn.sofifa.com/teams/55/light_60.png,https://cdn.sofifa.com/flags/br.png,87,"6'0""",181lbs,Left,12,players/Vizeuplayer.png,clubs/Udinese.png,countries/Brazil.png,Vizeu,B
166,D. Henderson,23,80,England,Manchester United,GK,https://cdn.sofifa.com/players/233/306/20_120.png,https://cdn.sofifa.com/teams/11/light_60.png,https://cdn.sofifa.com/flags/gb-eng.png,87,"6'3""",187lbs,Right,7,players/Hendersonplayer.png,clubs/Manchester United.png,countries/England.png,Henderson,B
167,A. Isak,20,79,Sweden,Real Sociedad,ST,https://cdn.sofifa.com/players/233/731/20_120.png,https://cdn.sofifa.com/teams/457/light_60.png,https://cdn.sofifa.com/flags/se.png,86,"6'4""",170lbs,Right,7,players/Isakplayer.png,clubs/Real Sociedad.png,countries/Sweden.png,Isak,B
168,D. Rice,21,79,England,West Ham United,CDM,https://cdn.sofifa.com/players/234/378/20_120.png,https://cdn.sofifa.com/teams/19/light_60.png,https://cdn.sofifa.com/flags/gb-eng.png,86,"6'1""",176lbs,Right,7,players/Riceplayer.png,clubs/West Ham United.png,countries/England.png,Rice,B
169,A. Davies,19,81,Canada,FC Bayern München,LB,https://cdn.sofifa.com/players/234/396/20_120.png,https://cdn.sofifa.com/teams/21/light_60.png,https://cdn.sofifa.com/flags/ca.png,89,"5'11""",159lbs,Left,8,players/Daviesplayer.png,clubs/FC Bayern München.png,countries/Canada.png,Davies,B
170,Florentino,20,76,Portugal,AS Monaco,CDM,https://cdn.sofifa.com/players/234/569/20_120.png,https://cdn.sofifa.com/teams/69/light_60.png,https://cdn.sofifa.com/flags/pt.png,86,"6'0""",161lbs,Right,10,players/Florentinoplayer.png,clubs/AS Monaco.png,countries/Portugal.png,Florentino,B
171,J. Ikoné,22,79,France,LOSC Lille,CAM,https://cdn.sofifa.com/players/234/612/20_120.png,https://cdn.sofifa.com/teams/65/light_60.png,https://cdn.sofifa.com/flags/fr.png,86,"5'9""",161lbs,Left,7,players/Ikonéplayer.png,clubs/LOSC Lille.png,countries/France.png,Ikoné,B
172,H. Aouar,22,81,France,Olympique Lyonnais,CAM,https://cdn.sofifa.com/players/234/906/20_120.png,https://cdn.sofifa.com/teams/66/light_60.png,https://cdn.sofifa.com/flags/fr.png,89,"5'9""",154lbs,Right,8,players/Aouarplayer.png,clubs/Olympique Lyonnais.png,countries/France.png,Aouar,B
173,F. Neuhaus,23,79,Germany,Borussia Mönchengladbach,CAM,https://cdn.sofifa.com/players/234/943/20_120.png,https://cdn.sofifa.com/teams/23/light_60.png,https://cdn.sofifa.com/flags/de.png,86,"6'0""",163lbs,Right,7,players/Neuhausplayer.png,clubs/Borussia Mönchengladbach.png,countries/Germany.png,Neuhaus,B
174,A. Hakimi,21,83,Morocco,Inter,RM,https://cdn.sofifa.com/players/235/212/20_120.png,https://cdn.sofifa.com/teams/44/light_60.png,https://cdn.sofifa.com/flags/ma.png,88,"5'11""",161lbs,Right,5,players/Hakimiplayer.png,clubs/Inter.png,countries/Morocco.png,Hakimi,B
175,M. de Ligt,20,85,Netherlands,Juventus,CB,https://cdn.sofifa.com/players/235/243/20_120.png,https://cdn.sofifa.com/teams/45/light_60.png,https://cdn.sofifa.com/flags/nl.png,92,"6'2""",196lbs,Right,7,players/Ligtplayer.png,clubs/Juventus.png,countries/Netherlands.png,Ligt,C
176,I. Sarr,22,78,Senegal,Watford,RM,https://cdn.sofifa.com/players/235/353/20_120.png,https://cdn.sofifa.com/teams/1795/light_60.png,https://cdn.sofifa.com/flags/sn.png,87,"6'1""",168lbs,Right,9,players/Sarrplayer.png,clubs/Watford.png,countries/Senegal.png,Sarr,B
177,T. Ndombele,23,80,France,Tottenham Hotspur,CAM,https://cdn.sofifa.com/players/235/569/20_120.png,https://cdn.sofifa.com/teams/18/light_60.png,https://cdn.sofifa.com/flags/fr.png,87,"5'11""",168lbs,Right,7,players/Ndombeleplayer.png,clubs/Tottenham Hotspur.png,countries/France.png,Ndombele,B
178,M. Edwards,21,77,England,Vitória Guimarães,LM,https://cdn.sofifa.com/players/235/619/20_120.png,https://cdn.sofifa.com/teams/1887/light_60.png,https://cdn.sofifa.com/flags/gb-eng.png,89,"5'6""",143lbs,Left,12,players/Edwardsplayer.png,clubs/Vitória Guimarães.png,countries/England.png,Edwards,B
179,K. Havertz,21,85,Germany,Chelsea,CAM,https://cdn.sofifa.com/players/235/790/20_120.png,https://cdn.sofifa.com/teams/5/light_60.png,https://cdn.sofifa.com/flags/de.png,93,"6'2""",183lbs,Left,8,players/Havertzplayer.png,clubs/Chelsea.png,countries/Germany.png,Havertz,C
180,R. Sessegnon,20,75,England,Tottenham Hotspur,LM,https://cdn.sofifa.com/players/235/883/20_120.png,https://cdn.sofifa.com/teams/18/light_60.png,https://cdn.sofifa.com/flags/gb-eng.png,86,"5'10""",157lbs,Left,11,players/Sessegnonplayer.png,clubs/Tottenham Hotspur.png,countries/England.png,Sessegnon,B
181,M. Guendouzi,21,77,France,Arsenal,CM,https://cdn.sofifa.com/players/236/496/20_120.png,https://cdn.sofifa.com/teams/1/light_60.png,https://cdn.sofifa.com/flags/fr.png,86,"6'1""",176lbs,Right,9,players/Guendouziplayer.png,clubs/Arsenal.png,countries/France.png,Guendouzi,B
182,O. Wijndal,20,77,Netherlands,AZ Alkmaar,LWB,https://cdn.sofifa.com/players/236/572/20_120.png,https://cdn.sofifa.com/teams/1906/light_60.png,https://cdn.sofifa.com/flags/nl.png,86,"5'9""",143lbs,Left,9,players/Wijndalplayer.png,clubs/AZ Alkmaar.png,countries/Netherlands.png,Wijndal,B
183,C. Stengs,21,78,Netherlands,AZ Alkmaar,CAM,https://cdn.sofifa.com/players/236/593/20_120.png,https://cdn.sofifa.com/teams/1906/light_60.png,https://cdn.sofifa.com/flags/nl.png,86,"6'2""",150lbs,Left,8,players/Stengsplayer.png,clubs/AZ Alkmaar.png,countries/Netherlands.png,Stengs,B
184,D. Szoboszlai,19,75,Hungary,Hungary,CAM,https://cdn.sofifa.com/players/236/772/20_120.png,https://cdn.sofifa.com/teams/1886/light_60.png,https://cdn.sofifa.com/flags/hu.png,87,"6'1""",163lbs,Right,12,players/Szoboszlaiplayer.png,clubs/Hungary.png,countries/Hungary.png,Szoboszlai,B
185,T. Souček,25,81,Czech Republic,West Ham United,CDM,https://cdn.sofifa.com/players/236/792/20_120.png,https://cdn.sofifa.com/teams/19/light_60.png,https://cdn.sofifa.com/flags/cz.png,86,"6'4""",190lbs,Right,5,players/Součekplayer.png,clubs/West Ham United.png,countries/Czech Republic.png,Souček,B
186,B. Kamara,20,79,France,Olympique de Marseille,CDM,https://cdn.sofifa.com/players/236/987/20_120.png,https://cdn.sofifa.com/teams/219/light_60.png,https://cdn.sofifa.com/flags/fr.png,87,"6'0""",150lbs,Right,8,players/Kamaraplayer.png,clubs/Olympique de Marseille.png,countries/France.png,Kamara,B
187,I. Konaté,21,78,France,RB Leipzig,CB,https://cdn.sofifa.com/players/237/678/20_120.png,https://cdn.sofifa.com/teams/112172/light_60.png,https://cdn.sofifa.com/flags/fr.png,88,"6'4""",209lbs,Right,10,players/Konatéplayer.png,clubs/RB Leipzig.png,countries/France.png,Konaté,B
188,T. Kubo,19,75,Japan,Villarreal CF,CAM,https://cdn.sofifa.com/players/237/681/20_120.png,https://cdn.sofifa.com/teams/483/light_60.png,https://cdn.sofifa.com/flags/jp.png,89,"5'8""",148lbs,Left,14,players/Kuboplayer.png,clubs/Villarreal CF.png,countries/Japan.png,Kubo,B
189,P. Foden,20,79,England,Manchester City,CAM,https://cdn.sofifa.com/players/237/692/20_120.png,https://cdn.sofifa.com/teams/10/light_60.png,https://cdn.sofifa.com/flags/gb-eng.png,88,"5'7""",152lbs,Left,9,players/Fodenplayer.png,clubs/Manchester City.png,countries/England.png,Foden,B
190,P. Estupiñán,22,79,Ecuador,Villarreal CF,LB,https://cdn.sofifa.com/players/237/942/20_120.png,https://cdn.sofifa.com/teams/483/light_60.png,https://cdn.sofifa.com/flags/ec.png,86,"5'9""",161lbs,Left,7,players/Estupiñánplayer.png,clubs/Villarreal CF.png,countries/Ecuador.png,Estupiñán,B
191,N. Zaniolo,20,76,Italy,Roma,CAM,https://cdn.sofifa.com/players/238/067/20_120.png,https://cdn.sofifa.com/teams/52/light_60.png,https://cdn.sofifa.com/flags/it.png,86,"6'3""",174lbs,Left,10,players/Zanioloplayer.png,clubs/Roma.png,countries/Italy.png,Zaniolo,B
192,R. James,20,77,England,Chelsea,RB,https://cdn.sofifa.com/players/238/074/20_120.png,https://cdn.sofifa.com/teams/5/light_60.png,https://cdn.sofifa.com/flags/gb-eng.png,86,"6'0""",192lbs,Right,9,players/Jamesplayer.png,clubs/Chelsea.png,countries/England.png,James,B
193,Wendel,22,79,Brazil,Sporting CP,CAM,https://cdn.sofifa.com/players/238/359/20_120.png,https://cdn.sofifa.com/teams/237/light_60.png,https://cdn.sofifa.com/flags/br.png,88,"5'11""",161lbs,Right,9,players/Wendelplayer.png,clubs/Sporting CP.png,countries/Brazil.png,Wendel,B
194,D. Zagadou,21,79,France,Borussia Dortmund,CB,https://cdn.sofifa.com/players/238/476/20_120.png,https://cdn.sofifa.com/teams/22/light_60.png,https://cdn.sofifa.com/flags/fr.png,86,"6'5""",198lbs,Left,7,players/Zagadouplayer.png,clubs/Borussia Dortmund.png,countries/France.png,Zagadou,B
195,Vinícius Jr.,19,80,Brazil,Real Madrid,RM,https://cdn.sofifa.com/players/238/794/20_120.png,https://cdn.sofifa.com/teams/243/light_60.png,https://cdn.sofifa.com/flags/br.png,93,"5'9""",161lbs,Right,13,players/Jr.player.png,clubs/Real Madrid.png,countries/Brazil.png,Jr.,C
196,F. Valverde,21,83,Uruguay,Real Madrid,CM,https://cdn.sofifa.com/players/239/053/20_120.png,https://cdn.sofifa.com/teams/243/light_60.png,https://cdn.sofifa.com/flags/uy.png,90,"6'0""",172lbs,Right,7,players/Valverdeplayer.png,clubs/Real Madrid.png,countries/Uruguay.png,Valverde,C
197,E. Haaland,19,84,Norway,Borussia Dortmund,ST,https://cdn.sofifa.com/players/239/085/20_120.png,https://cdn.sofifa.com/teams/22/light_60.png,https://cdn.sofifa.com/flags/no.png,92,"6'4""",194lbs,Left,8,players/Haalandplayer.png,clubs/Borussia Dortmund.png,countries/Norway.png,Haaland,C
198,Cucurella,21,81,Spain,Getafe CF,LM,https://cdn.sofifa.com/players/239/231/20_120.png,https://cdn.sofifa.com/teams/1860/light_60.png,https://cdn.sofifa.com/flags/es.png,89,"5'8""",146lbs,Left,8,players/Cucurellaplayer.png,clubs/Getafe CF.png,countries/Spain.png,Cucurella,B
199,Óscar,22,75,Spain,Sevilla FC,CAM,https://cdn.sofifa.com/players/239/335/20_120.png,https://cdn.sofifa.com/teams/481/light_60.png,https://cdn.sofifa.com/flags/es.png,86,"5'9""",150lbs,Right,11,players/Óscarplayer.png,clubs/Sevilla FC.png,countries/Spain.png,Óscar,B
200,Rúben Dias,23,81,Portugal,Manchester City,CB,https://cdn.sofifa.com/players/239/818/20_120.png,https://cdn.sofifa.com/teams/10/light_60.png,https://cdn.sofifa.com/flags/pt.png,87,"6'2""",181lbs,Right,6,players/Diasplayer.png,clubs/Manchester City.png,countries/Portugal.png,Dias,B
201,O. Kabak,20,77,Turkey,FC Schalke 04,CB,https://cdn.sofifa.com/players/239/890/20_120.png,https://cdn.sofifa.com/teams/34/light_60.png,https://cdn.sofifa.com/flags/tr.png,87,"6'1""",190lbs,Right,10,players/Kabakplayer.png,clubs/FC Schalke 04.png,countries/Turkey.png,Kabak,B
202,M. Boadu,19,75,Netherlands,AZ Alkmaar,ST,https://cdn.sofifa.com/players/239/956/20_120.png,https://cdn.sofifa.com/teams/1906/light_60.png,https://cdn.sofifa.com/flags/nl.png,87,"6'0""",148lbs,Right,12,players/Boaduplayer.png,clubs/AZ Alkmaar.png,countries/Netherlands.png,Boadu,B
203,Éder Militão,22,80,Brazil,Real Madrid,CB,https://cdn.sofifa.com/players/240/130/20_120.png,https://cdn.sofifa.com/teams/243/light_60.png,https://cdn.sofifa.com/flags/br.png,87,"6'1""",172lbs,Right,7,players/Militãoplayer.png,clubs/Real Madrid.png,countries/Brazil.png,Militão,B
204,Matheus Cunha,21,78,Brazil,Hertha BSC,ST,https://cdn.sofifa.com/players/240/243/20_120.png,https://cdn.sofifa.com/teams/166/light_60.png,https://cdn.sofifa.com/flags/br.png,87,"6'0""",168lbs,Right,9,players/Cunhaplayer.png,clubs/Hertha BSC.png,countries/Brazil.png,Cunha,B
205,N. De la Cruz,23,77,Uruguay,River Plate,CAM,https://cdn.sofifa.com/players/240/699/20_120.png,https://cdn.sofifa.com/teams/1876/light_60.png,https://cdn.sofifa.com/flags/uy.png,86,"5'6""",143lbs,Right,9,players/Cruzplayer.png,clubs/River Plate.png,countries/Uruguay.png,Cruz,B
206,Pedro Gonçalves,22,76,Portugal,Sporting CP,CAM,https://cdn.sofifa.com/players/240/950/20_120.png,https://cdn.sofifa.com/teams/237/light_60.png,https://cdn.sofifa.com/flags/pt.png,87,"5'8""",128lbs,Right,11,players/Gonçalvesplayer.png,clubs/Sporting CP.png,countries/Portugal.png,Gonçalves,B
207,L. Díaz,23,78,Colombia,Colombia,CAM,https://cdn.sofifa.com/players/241/084/20_120.png,https://cdn.sofifa.com/teams/111109/light_60.png,https://cdn.sofifa.com/flags/co.png,86,"5'11""",161lbs,Right,8,players/Díazplayer.png,clubs/Colombia.png,countries/Colombia.png,Díaz,B
208,N. Vlašić,22,80,Croatia,PFC CSKA Moscow,CAM,https://cdn.sofifa.com/players/241/095/20_120.png,https://cdn.sofifa.com/teams/315/light_60.png,https://cdn.sofifa.com/flags/hr.png,86,"5'10""",174lbs,Right,6,players/Vlašićplayer.png,clubs/PFC CSKA Moscow.png,countries/Croatia.png,Vlašić,B
209,S. Tonali,20,77,Italy,Milan,CM,https://cdn.sofifa.com/players/241/096/20_120.png,https://cdn.sofifa.com/teams/47/light_60.png,https://cdn.sofifa.com/flags/it.png,91,"5'11""",176lbs,Right,14,players/Tonaliplayer.png,clubs/Milan.png,countries/Italy.png,Tonali,C
210,Ferran Torres,20,81,Spain,Manchester City,RM,https://cdn.sofifa.com/players/241/461/20_120.png,https://cdn.sofifa.com/teams/10/light_60.png,https://cdn.sofifa.com/flags/es.png,89,"6'0""",170lbs,Right,8,players/Torresplayer.png,clubs/Manchester City.png,countries/Spain.png,Torres,B
211,Pau Torres,23,78,Spain,Villarreal CF,CB,https://cdn.sofifa.com/players/241/464/20_120.png,https://cdn.sofifa.com/teams/483/light_60.png,https://cdn.sofifa.com/flags/es.png,86,"6'3""",176lbs,Left,8,players/Torresplayer.png,clubs/Villarreal CF.png,countries/Spain.png,Torres,B
212,J. Koundé,21,79,France,Sevilla FC,CB,https://cdn.sofifa.com/players/241/486/20_120.png,https://cdn.sofifa.com/teams/481/light_60.png,https://cdn.sofifa.com/flags/fr.png,86,"5'10""",165lbs,Right,7,players/Koundéplayer.png,clubs/Sevilla FC.png,countries/France.png,Koundé,B
213,D. Livaković,25,80,Croatia,Dinamo Zagreb,GK,https://cdn.sofifa.com/players/241/671/20_120.png,https://cdn.sofifa.com/teams/211/light_60.png,https://cdn.sofifa.com/flags/hr.png,86,"6'2""",174lbs,Right,6,players/Livakovićplayer.png,clubs/Dinamo Zagreb.png,countries/Croatia.png,Livaković,B
214,M. Diaby,20,81,France,Bayer 04 Leverkusen,LM,https://cdn.sofifa.com/players/241/852/20_120.png,https://cdn.sofifa.com/teams/32/light_60.png,https://cdn.sofifa.com/flags/fr.png,88,"5'7""",148lbs,Left,7,players/Diabyplayer.png,clubs/Bayer 04 Leverkusen.png,countries/France.png,Diaby,B
215,João Félix,20,81,Portugal,Atlético Madrid,CAM,https://cdn.sofifa.com/players/242/444/20_120.png,https://cdn.sofifa.com/teams/240/light_60.png,https://cdn.sofifa.com/flags/pt.png,93,"5'11""",154lbs,Right,12,players/Félixplayer.png,clubs/Atlético Madrid.png,countries/Portugal.png,Félix,C
216,Riqui Puig,20,75,Spain,FC Barcelona,CAM,https://cdn.sofifa.com/players/242/816/20_120.png,https://cdn.sofifa.com/teams/241/light_60.png,https://cdn.sofifa.com/flags/es.png,88,"5'7""",123lbs,Right,13,players/Puigplayer.png,clubs/FC Barcelona.png,countries/Spain.png,Puig,B
217,D. McNeil,20,78,England,Burnley,LM,https://cdn.sofifa.com/players/243/282/20_120.png,https://cdn.sofifa.com/teams/1796/light_60.png,https://cdn.sofifa.com/flags/gb-eng.png,86,"6'0""",154lbs,Left,8,players/McNeilplayer.png,clubs/Burnley.png,countries/England.png,McNeil,B
218,J. David,20,77,Canada,LOSC Lille,ST,https://cdn.sofifa.com/players/243/630/20_120.png,https://cdn.sofifa.com/teams/65/light_60.png,https://cdn.sofifa.com/flags/ca.png,88,"5'10""",170lbs,Right,11,players/Davidplayer.png,clubs/LOSC Lille.png,countries/Canada.png,David,B
219,Rodrygo,19,79,Brazil,Real Madrid,RM,https://cdn.sofifa.com/players/243/812/20_120.png,https://cdn.sofifa.com/teams/243/light_60.png,https://cdn.sofifa.com/flags/br.png,90,"5'9""",141lbs,Right,11,players/Rodrygoplayer.png,clubs/Real Madrid.png,countries/Brazil.png,Rodrygo,C
220,A. Lunin,21,75,Ukraine,Real Madrid,GK,https://cdn.sofifa.com/players/243/952/20_120.png,https://cdn.sofifa.com/teams/243/light_60.png,https://cdn.sofifa.com/flags/ua.png,87,"6'4""",192lbs,Right,12,players/Luninplayer.png,clubs/Real Madrid.png,countries/Ukraine.png,Lunin,B
221,Jovane Cabral,22,77,Cape Verde,Sporting CP,CAM,https://cdn.sofifa.com/players/244/193/20_120.png,https://cdn.sofifa.com/teams/237/light_60.png,https://cdn.sofifa.com/flags/cv.png,87,"5'9""",159lbs,Right,10,players/Cabralplayer.png,clubs/Sporting CP.png,countries/Cape Verde.png,Cabral,B
222,U. Račić,22,75,Serbia,Valencia CF,CM,https://cdn.sofifa.com/players/244/253/20_120.png,https://cdn.sofifa.com/teams/461/light_60.png,https://cdn.sofifa.com/flags/rs.png,86,"6'4""",179lbs,Right,11,players/Račićplayer.png,clubs/Valencia CF.png,countries/Serbia.png,Račić,B
223,Dani Olmo,22,79,Spain,RB Leipzig,CAM,https://cdn.sofifa.com/players/244/260/20_120.png,https://cdn.sofifa.com/teams/112172/light_60.png,https://cdn.sofifa.com/flags/es.png,87,"5'10""",159lbs,Right,8,players/Olmoplayer.png,clubs/RB Leipzig.png,countries/Spain.png,Olmo,B
224,Luís Maximiano,21,78,Portugal,Sporting CP,GK,https://cdn.sofifa.com/players/244/316/20_120.png,https://cdn.sofifa.com/teams/237/light_60.png,https://cdn.sofifa.com/flags/pt.png,88,"6'3""",181lbs,Right,10,players/Maximianoplayer.png,clubs/Sporting CP.png,countries/Portugal.png,Maximiano,B
225,V. Tsygankov,22,80,Ukraine,Dynamo Kyiv,CAM,https://cdn.sofifa.com/players/244/369/20_120.png,https://cdn.sofifa.com/teams/101047/light_60.png,https://cdn.sofifa.com/flags/ua.png,86,"5'9""",157lbs,Left,6,players/Tsygankovplayer.png,clubs/Dynamo Kyiv.png,countries/Ukraine.png,Tsygankov,B
226,Trincão,20,78,Portugal,FC Barcelona,CAM,https://cdn.sofifa.com/players/244/778/20_120.png,https://cdn.sofifa.com/teams/241/light_60.png,https://cdn.sofifa.com/flags/pt.png,91,"6'0""",170lbs,Left,13,players/Trincãoplayer.png,clubs/FC Barcelona.png,countries/Portugal.png,Trincão,C
227,L. Suárez,22,75,Colombia,Watford,ST,https://cdn.sofifa.com/players/245/158/20_120.png,https://cdn.sofifa.com/teams/1795/light_60.png,https://cdn.sofifa.com/flags/co.png,86,"6'1""",163lbs,Right,11,players/Suárezplayer.png,clubs/Watford.png,countries/Colombia.png,Suárez,B
228,Reguilón,23,82,Spain,Tottenham Hotspur,LB,https://cdn.sofifa.com/players/245/279/20_120.png,https://cdn.sofifa.com/teams/18/light_60.png,https://cdn.sofifa.com/flags/es.png,89,"5'10""",150lbs,Left,7,players/Reguilónplayer.png,clubs/Tottenham Hotspur.png,countries/Spain.png,Reguilón,B
229,J. Todibo,20,75,France,FC Barcelona,CB,https://cdn.sofifa.com/players/245/388/20_120.png,https://cdn.sofifa.com/teams/241/light_60.png,https://cdn.sofifa.com/flags/fr.png,86,"6'3""",179lbs,Right,11,players/Todiboplayer.png,clubs/FC Barcelona.png,countries/France.png,Todibo,B
230,M. Greenwood,18,77,England,Manchester United,CAM,https://cdn.sofifa.com/players/246/147/20_120.png,https://cdn.sofifa.com/teams/11/light_60.png,https://cdn.sofifa.com/flags/gb-eng.png,89,"5'11""",154lbs,Left,12,players/Greenwoodplayer.png,clubs/Manchester United.png,countries/England.png,Greenwood,B
231,S. Chukwueze,21,77,Nigeria,Villarreal CF,LM,https://cdn.sofifa.com/players/246/172/20_120.png,https://cdn.sofifa.com/teams/483/light_60.png,https://cdn.sofifa.com/flags/ng.png,86,"5'8""",154lbs,Left,9,players/Chukwuezeplayer.png,clubs/Villarreal CF.png,countries/Nigeria.png,Chukwueze,B
232,M. Caqueret,20,75,France,Olympique Lyonnais,CM,https://cdn.sofifa.com/players/246/646/20_120.png,https://cdn.sofifa.com/teams/66/light_60.png,https://cdn.sofifa.com/flags/fr.png,87,"5'9""",139lbs,Right,12,players/Caqueretplayer.png,clubs/Olympique Lyonnais.png,countries/France.png,Caqueret,B
233,B. Saka,18,75,England,Arsenal,LM,https://cdn.sofifa.com/players/246/669/20_120.png,https://cdn.sofifa.com/teams/1/light_60.png,https://cdn.sofifa.com/flags/gb-eng.png,88,"5'10""",143lbs,Left,13,players/Sakaplayer.png,clubs/Arsenal.png,countries/England.png,Saka,B
234,M. Ihattaren,18,77,Netherlands,PSV,CAM,https://cdn.sofifa.com/players/246/960/20_120.png,https://cdn.sofifa.com/teams/247/light_60.png,https://cdn.sofifa.com/flags/nl.png,88,"6'0""",165lbs,Left,11,players/Ihattarenplayer.png,clubs/PSV.png,countries/Netherlands.png,Ihattaren,B
235,Emerson,21,78,Brazil,Real Betis,RB,https://cdn.sofifa.com/players/247/204/20_120.png,https://cdn.sofifa.com/teams/449/light_60.png,https://cdn.sofifa.com/flags/br.png,88,"5'11""",174lbs,Right,10,players/Emersonplayer.png,clubs/Real Betis.png,countries/Brazil.png,Emerson,B
236,E. Tapsoba,21,78,Burkina Faso,Bayer 04 Leverkusen,CB,https://cdn.sofifa.com/players/247/263/20_120.png,https://cdn.sofifa.com/teams/32/light_60.png,https://cdn.sofifa.com/flags/bf.png,88,"6'4""",172lbs,Right,10,players/Tapsobaplayer.png,clubs/Bayer 04 Leverkusen.png,countries/Burkina Faso.png,Tapsoba,B
237,D. Kulusevski,20,77,Sweden,Juventus,LM,https://cdn.sofifa.com/players/247/394/20_120.png,https://cdn.sofifa.com/teams/45/light_60.png,https://cdn.sofifa.com/flags/se.png,87,"6'1""",165lbs,Left,10,players/Kulusevskiplayer.png,clubs/Juventus.png,countries/Sweden.png,Kulusevski,B
238,Tete,20,75,Brazil,Shakhtar Donetsk,CAM,https://cdn.sofifa.com/players/247/641/20_120.png,https://cdn.sofifa.com/teams/101059/light_60.png,https://cdn.sofifa.com/flags/br.png,86,"5'9""",161lbs,Left,11,players/Teteplayer.png,clubs/Shakhtar Donetsk.png,countries/Brazil.png,Tete,B
239,Bruno Guimarães,22,78,Brazil,Olympique Lyonnais,CM,https://cdn.sofifa.com/players/247/851/20_120.png,https://cdn.sofifa.com/teams/66/light_60.png,https://cdn.sofifa.com/flags/br.png,87,"6'0""",172lbs,Right,9,players/Guimarãesplayer.png,clubs/Olympique Lyonnais.png,countries/Brazil.png,Guimarães,B
240,E. Camavinga,17,76,France,Stade Rennais FC,CM,https://cdn.sofifa.com/players/248/243/20_120.png,https://cdn.sofifa.com/teams/74/light_60.png,https://cdn.sofifa.com/flags/fr.png,88,"6'0""",150lbs,Left,12,players/Camavingaplayer.png,clubs/Stade Rennais FC.png,countries/France.png,Camavinga,B
241,Renan Lodi,22,81,Brazil,Atlético Madrid,LB,https://cdn.sofifa.com/players/251/573/20_120.png,https://cdn.sofifa.com/teams/240/light_60.png,https://cdn.sofifa.com/flags/br.png,87,"5'8""",150lbs,Left,6,players/Lodiplayer.png,clubs/Atlético Madrid.png,countries/Brazil.png,Lodi,B
242,S. Dest,19,75,United States,Ajax,RM,https://cdn.sofifa.com/players/251/804/20_120.png,https://cdn.sofifa.com/teams/245/light_60.png,https://cdn.sofifa.com/flags/us.png,86,"5'9""",137lbs,Right,11,players/Destplayer.png,clubs/Ajax.png,countries/United States.png,Dest,B
243,Ansu Fati,17,76,Spain,FC Barcelona,LW,https://cdn.sofifa.com/players/253/004/20_120.png,https://cdn.sofifa.com/teams/241/light_60.png,https://cdn.sofifa.com/flags/es.png,90,"5'10""",146lbs,Right,14,players/Fatiplayer.png,clubs/FC Barcelona.png,countries/Spain.png,Fati,C
244,Antony,20,78,Brazil,Ajax,CAM,https://cdn.sofifa.com/players/255/475/20_120.png,https://cdn.sofifa.com/teams/245/light_60.png,https://cdn.sofifa.com/flags/br.png,88,"5'8""",139lbs,Left,10,players/Antonyplayer.png,clubs/Ajax.png,countries/Brazil.png,Antony,B
